{
    "mse": 0.7862763648923905,
    "r2": 0.21441213028512052
}